date,population<5,infected<5,population5-14,infected5-14,population15-24,infected15-24,population25-34,infected25-34,population35-44,infected35-44,population45-54,infected45-54,population55-64,infected55-64,population65-74,infected65-74,population75-84,infected75-84,population>84,infected>84,
2021/11/06,268494345,2506285,527222727,15589861,583086858,30721412,748346859,34077390,733589899,31363897,810216528,36163350,795980147,27411766,539873849,13290500,383938464,10992124,138569340,7065846,
2021/11/05,268060590,2493409,526370994,15502388,582144876,30585764,747137898,33934257,732404778,31231802,808907616,36021428,794694234,27306194,539001678,13239194,383318208,10952419,138345480,7042269,
2021/11/04,267626835,2480659,525519261,15416577,581202894,30452512,745928937,33792701,731219657,31101316,807598704,35880970,793408321,27201280,538129507,13188108,382697952,10912654,138121620,7018730,
2021/11/03,267193080,2468036,524667528,15332398,580260912,30320381,744719976,33652643,730034536,30972077,806289792,35741828,792122408,27097681,537257336,13137602,382077696,10873283,137897760,6995305,
2021/11/02,266759325,2455540,523815795,15249208,579318930,30189546,743511015,33514880,728849415,30844415,804980880,35605057,790836495,26996174,536385165,13087817,381457440,10834574,137673900,6971965,
2021/11/01,266325570,2443087,522964062,15167070,578376948,30059491,742302054,33376832,727664294,30717053,803671968,35467640,789550582,26893044,535512994,13037993,380837184,10795174,137450040,6948769,
2021/10/31,265891815,2430760,522112329,15085468,577434966,29930905,741093093,33240416,726479173,30591110,802363056,35331495,788264669,26791420,534640823,12988819,380216928,10756569,137226180,6925595,
2021/10/30,265458060,2418500,521260596,15004522,576492984,29802957,739884132,33104705,725294052,30465915,801054144,35196212,786978756,26690790,533768652,12939976,379596672,10718163,137002320,6902491,
2021/10/29,265024305,2406328,520408863,14924388,575551002,29677063,738675171,32970029,724108931,30341779,799745232,35062044,785692843,26590252,532896481,12891535,378976416,10680037,136778460,6879467,
2021/10/28,264590550,2394239,519557130,14845009,574609020,29550941,737466210,32836312,722923810,30218164,798436320,34928607,784406930,26491003,532024310,12843402,378356160,10642149,136554600,6856529,
2021/10/27,264156795,2382220,518705397,14766223,573667038,29425545,736257249,32703122,721738689,30095737,797127408,34795988,783121017,26392425,531152139,12795686,377735904,10604523,136330740,6833655,
2021/10/26,263723040,2370310,517853664,14688454,572725056,29301077,735048288,32571076,720553568,29974642,795818496,34663978,781835104,26294086,530279968,12748300,377115648,10567057,136106880,6810846,
2021/10/25,263289285,2358434,517001931,14611223,571783074,29177313,733839327,32439594,719368447,29853588,794509584,34531995,780549191,26196442,529407797,12701221,376495392,10529817,135883020,6788105,
2021/10/24,262855530,2346640,516150198,14534619,570841092,29053797,732630366,32308654,718183326,29733267,793200672,34402000,779263278,26098774,528535626,12653968,375875136,10492762,135659160,6765411,
2021/10/23,262421775,2334896,515298465,14458356,569899110,28930600,731421405,32178058,716998205,29613312,791891760,34271527,777977365,26001794,527663455,12607292,375254880,10455802,135435300,6742757,
2021/10/22,261988020,2323205,514446732,14382726,568957128,28808154,730212444,32047960,715813084,29494196,790582848,34141761,776691452,25905466,526791284,12561093,374634624,10418997,135211440,6720161,
2021/10/21,261554265,2311541,513594999,14307458,568015146,28685276,729003483,31918434,714627963,29375108,789273936,34012624,775405539,25809348,525919113,12514965,374014368,10382383,134987580,6697616,
2021/10/20,261120510,2300154,512743266,14235206,567073164,28564349,727794522,31790821,713442842,29258440,787965024,33886028,774119626,25713900,525046942,12469283,373394112,10346440,134763720,6675136,
2021/10/19,260686755,2288633,511891533,14161300,566131182,28443319,726585561,31662735,712257721,29140989,786656112,33757641,772833713,25618894,524174771,12423626,372773856,10310115,134539860,6652689,
2021/10/18,260253000,2277220,511039800,14088504,565189200,28322348,725376600,31534650,711072600,29023862,785347200,33628730,771547800,25523595,523302600,12377788,372153600,10273619,134316000,6630288,
2021/10/17,259819245,2265810,510188067,14016381,564247218,28202221,724167639,31407139,709887479,28907049,784038288,33501252,770261887,25428907,522430429,12332491,371533344,10237538,134092140,6607935,
2021/10/16,259385490,2254443,509336334,13944602,563305236,28082286,722958678,31279827,708702358,28790151,782729376,33374327,768975974,25334130,521558258,12287295,370913088,10201535,133868280,6585611,
2021/10/15,258951735,2243100,508484601,13873042,562363254,27962393,721749717,31152435,707517237,28673700,781420464,33247328,767690061,25239947,520686087,12242231,370292832,10165626,133644420,6563322,
2021/10/14,258517980,2231814,507632868,13801359,561421272,27842722,720540756,31025629,706332116,28557687,780111552,33120405,766404148,25146032,519813916,12196583,369672576,10129579,133420560,6541074,
2021/10/13,258084225,2220581,506781135,13729980,560479290,27723593,719331795,30898739,705146995,28442249,778802640,32993667,765118235,25051691,518941745,12152166,369052320,10094088,133196700,6518856,
2021/10/12,257650470,2209364,505929402,13659107,559537308,27604729,718122834,30772254,703961874,28327179,777493728,32867434,763832322,24958208,518069574,12107482,368432064,10058440,132972840,6497093,
2021/10/11,257216715,2198199,505077669,13589581,558595326,27486495,716913873,30646784,702776753,28212464,776184816,32741161,762546409,24864849,517197403,12062635,367811808,10022870,132748980,6474931,
2021/10/10,256782960,2187097,504225936,13520006,557653344,27368849,715704912,30521723,701591632,28097733,774875904,32615794,761260496,24771718,516325232,12018194,367191552,9987377,132525120,6452958,
2021/10/09,256349205,2175979,503374203,13450636,556711362,27251329,714495951,30396595,700406511,27983423,773566992,32490491,759974583,24678694,515453061,11973791,366571296,9951925,132301260,6430844,
2021/10/08,255915450,2164898,502522470,13381545,555769380,27134117,713286990,30271816,699221390,27869436,772258080,32365450,758688670,24585838,514580890,11929487,365951040,9916537,132077400,6408749,
2021/10/07,255481695,2154142,501670737,13312328,554827398,27016879,712078029,30146945,698036269,27755360,770949168,32240462,757402757,24492775,513708719,11885299,365330784,9881199,131853540,6386688,
2021/10/06,255047940,2143130,500819004,13242678,553885416,26900091,710869068,30022390,696851148,27641982,769640256,32116003,756116844,24400259,512836548,11841176,364710528,9845930,131629680,6364365,
2021/10/05,254614185,2132159,499967271,13175631,552943434,26784010,709660107,29897866,695666027,27528897,768331344,31991767,754830931,24307892,511964377,11797157,364090272,9810716,131405820,6342374,
2021/10/04,254180430,2121271,499115538,13108427,552001452,26668430,708451146,29774641,694480906,27416296,767022432,31867595,753545018,24215677,511092206,11753416,363470016,9775235,131181960,6320369,
2021/10/03,253746675,2110404,498263805,13041619,551059470,26552970,707242185,29651911,693295785,27304010,765713520,31744077,752259105,24123961,510220035,11709602,362849760,9740136,130958100,6298406,
2021/10/02,253312920,2099594,497412072,12974693,550117488,26437268,706033224,29528319,692110664,27191788,764404608,31620552,750973192,24032070,509347864,11665789,362229504,9705043,130734240,6276463,
2021/10/01,252879165,2088791,496560339,12907787,549175506,26321837,704824263,29405761,690925543,27079302,763095696,31497158,749687279,23939732,508475693,11621989,361609248,9669996,130510380,6254535,
2021/09/30,252445410,2078044,495708606,12841297,548233524,26206808,703615302,29282180,689740422,26967057,761786784,31373681,748401366,23847770,507603522,11578039,360988992,9635112,130286520,6232789,
2021/09/29,252011655,2067151,494856873,12775292,547291542,26092549,702406341,29160036,688555301,26855921,760477872,31250489,747115453,23756604,506731351,11534412,360368736,9599974,130062660,6210932,
2021/09/28,251577900,2056148,494005140,12709708,546349560,25978079,701197380,29037758,687370180,26743251,759168960,31127357,745829540,23665324,505859180,11490610,359748480,9564781,129838800,6189118,
2021/09/27,251144145,2045579,493153407,12646006,545407578,25864695,699988419,28917604,686185059,26634542,757860048,31005429,744543627,23575480,504987009,11448162,359128224,9530507,129614940,6167298,
2021/09/26,250710390,2035113,492301674,12581565,544465596,25751203,698779458,28796473,684999938,26523487,756551136,30883089,743257714,23484814,504114838,11404832,358507968,9495688,129391080,6145481,
2021/09/25,250276635,2024593,491449941,12517298,543523614,25637764,697570497,28675444,683814817,26413158,755242224,30761038,741971801,23393889,503242667,11361506,357887712,9460891,129167220,6123674,
2021/09/24,249842880,2014122,490598208,12451795,542581632,25524103,696361536,28553145,682629696,26300577,753933312,30638221,740685888,23300794,502370496,11316981,357267456,9425828,128943360,6101882,
2021/09/23,249409125,2003672,489746475,12388385,541639650,25411890,695152575,28434619,681444575,26191107,752624400,30518167,739399975,23209899,501498325,11274165,356647200,9391468,128719500,6080530,
2021/09/22,248975370,1993330,488894742,12325228,540697668,25299881,693943614,28314316,680259454,26081945,751315488,30396500,738114062,23119430,500626154,11231274,356026944,9356811,128495640,6058789,
2021/09/21,248541615,1983030,488043009,12262628,539755686,25187471,692734653,28194673,679074333,25972742,750006576,30275473,736828149,23028858,499753983,11187835,355406688,9322239,128271780,6037061,
2021/09/20,248107860,1972817,487191276,12200360,538813704,25075870,691525692,28075414,677889212,25863794,748697664,30154715,735542236,22938402,498881812,11145139,354786432,9287708,128047920,6015372,
2021/09/19,247674105,1962628,486339543,12138372,537871722,24964518,690316731,27956330,676704091,25755118,747388752,30034117,734256323,22848402,498009641,11102212,354166176,9253237,127824060,5993705,
2021/09/18,247240350,1952466,485487810,12076497,536929740,24852925,689107770,27837086,675518970,25646509,746079840,29913551,732970410,22758716,497137470,11059035,353545920,9218764,127600200,5972028,
2021/09/17,246806595,1942350,484636077,12014861,535987758,24741632,687898809,27718030,674333849,25537662,744770928,29793239,731684497,22668899,496265299,11015910,352925664,9184344,127376340,5950368,
2021/09/16,246372840,1932308,483784344,11953686,535045776,24630442,686689848,27599998,673148728,25429387,743462016,29672922,730398584,22579318,495393128,10973183,352305408,9150008,127152480,5928732,
2021/09/15,245939085,1922343,482932611,11893061,534103794,24519787,685480887,27482282,671963607,25321718,742153104,29552917,729112671,22489815,494520957,10930537,351685152,9115699,126928620,5907304,
2021/09/14,245505330,1912445,482080878,11832962,533161812,24409732,684271926,27364276,670778486,25214329,740844192,29432560,727826758,22400443,493648786,10887984,351064896,9081187,126704760,5885734,
2021/09/13,245071575,1902606,481229145,11773359,532219830,24300093,683062965,27247133,669593365,25106285,739535280,29313150,726540845,22311327,492776615,10845480,350444640,9046717,126480900,5864193,
2021/09/12,244637820,1892868,480377412,11714288,531277848,24190897,681854004,27130440,668408244,24999700,738226368,29194254,725254932,22222382,491904444,10803047,349824384,9012617,126257040,5842670,
2021/09/11,244204065,1883127,479525679,11655375,530335866,24081689,680645043,27013760,667223123,24893207,736917456,29075582,723969019,22133510,491032273,10760644,349204128,8978517,126033180,5821153,
2021/09/10,243770310,1873429,478673946,11596709,529393884,23972888,679436082,26897322,666038002,24786750,735608544,28956974,722683106,22044777,490160102,10718306,348583872,8944451,125809320,5799661,
2021/09/09,243336555,1863814,477822213,11538538,528451902,23864611,678227121,26781403,664852881,24680549,734299632,28838425,721397193,21955885,489287931,10676054,347963616,8910435,125585460,5778222,
2021/09/08,242902800,1854269,476970480,11480838,527509920,23757437,677018160,26666657,663667760,24575576,732990720,28720105,720111280,21868950,488415760,10635278,347343360,8877200,125361600,5756764,
2021/09/07,242469045,1844950,476118747,11423446,526567938,23650016,675809199,26551727,662482639,24470292,731681808,28602393,718825367,21780695,487543589,10593152,346723104,8843289,125137740,5735341,
2021/09/06,242035290,1835339,475267014,11366515,525625956,23542787,674600238,26436856,661297518,24365464,730372896,28483889,717539454,21692820,486671418,10551103,346102848,8809541,124913880,5713933,
2021/09/05,241601535,1825943,474415281,11309847,524683974,23436328,673391277,26322220,660112397,24260993,729063984,28366393,716253541,21604530,485799247,10509117,345482592,8775725,124690020,5692562,
2021/09/04,241167780,1816592,473563548,11253432,523741992,23329990,672182316,26207921,658927276,24156641,727755072,28249350,714967628,21516730,484927076,10467159,344862336,8741947,124466160,5671202,
2021/09/03,240734025,1807288,472711815,11197326,522800010,23224027,670973355,26093927,657742155,24051997,726446160,28131874,713681715,21428499,484054905,10425134,344242080,8708061,124242300,5649860,
2021/09/02,240300270,1798031,471860082,11141116,521858028,23118392,669764394,25979905,656557034,23947942,725137248,28014644,712395802,21340622,483182734,10383329,343621824,8674066,124018440,5628384,
2021/09/01,239866515,1788817,471008349,11085538,520916046,23013477,668555433,25866110,655371913,23844618,723828336,27897137,711109889,21253213,482310563,10341562,343001568,8640436,123794580,5607103,
2021/08/31,239432760,1779650,470156616,11030129,519974064,22908722,667346472,25752509,654186792,23740597,722519424,27780474,709823976,21165371,481438392,10299847,342381312,8606792,123570720,5585846,
2021/08/30,238999005,1770532,469304883,10975137,519032082,22803924,666137511,25639771,653001671,23637541,721210512,27663987,708538063,21078258,480566221,10258167,341761056,8573463,123346860,5564618,
2021/08/29,238565250,1761457,468453150,10920146,518090100,22699770,664928550,25527526,651816550,23534817,719901600,27548050,707252150,20991372,479694050,10216532,341140800,8539596,123123000,5543387,
2021/08/28,238131495,1752414,467601417,10865354,517148118,22595769,663719589,25415118,650631429,23432222,718592688,27432372,705966237,20904472,478821879,10174946,340520544,8506039,122899140,5522168,
2021/08/27,237697740,1743402,466749684,10810753,516206136,22491872,662510628,25303144,649446308,23329896,717283776,27315743,704680324,20817608,477949708,10133386,339900288,8472517,122675280,5500953,
2021/08/26,237263985,1734441,465897951,10756284,515264154,22388192,661301667,25191572,648261187,23228236,715974864,27200619,703394411,20730306,477077537,10091864,339280032,8438989,122451420,5479766,
2021/08/25,236830230,1725520,465046218,10702039,514322172,22285072,660092706,25080256,647076066,23126038,714665952,27084562,702108498,20643627,476205366,10050077,338659776,8405752,122227560,5458570,
2021/08/24,236396475,1716640,464194485,10648020,513380190,22181768,658883745,24969779,645890945,23024388,713357040,26969787,700822585,20556795,475333195,10008348,338039520,8372250,122003700,5437381,
2021/08/23,235962720,1707797,463342752,10594087,512438208,22079648,657674784,24858957,644705824,22923004,712048128,26855112,699536672,20470384,474461024,9966935,337419264,8338775,121779840,5416186,
2021/08/22,235528965,1698976,462491019,10540434,511496226,21977825,656465823,24748629,643520703,22821815,710739216,26740862,698250759,20384014,473588853,9925548,336799008,8305150,121555980,5395009,
2021/08/21,235095210,1690182,461639286,10486913,510554244,21875656,655256862,24638265,642335582,22720276,709430304,26626443,696964846,20297715,472716682,9884177,336178752,8271684,121332120,5373835,
2021/08/20,234661455,1681425,460787553,10433533,509612262,21773391,654047901,24528167,641150461,22619725,708121392,26511872,695678933,20211774,471844511,9842836,335558496,8238228,121108260,5352674,
2021/08/19,234227700,1672692,459935820,10380317,508670280,21672767,652838940,24418168,639965340,22518456,706812480,26397780,694393020,20125393,470972340,9801533,334938240,8205050,120884400,5331521,
2021/08/18,233793945,1664000,459084087,10327292,507728298,21571957,651629979,24308833,638780219,22417577,705503568,26283843,693107107,20039155,470100169,9759964,334317984,8171629,120660540,5310368,
2021/08/17,233360190,1655331,458232354,10274394,506786316,21471574,650421018,24199606,637595098,22316983,704194656,26169572,691821194,19952659,469227998,9718719,333697728,8138464,120436680,5288964,
2021/08/16,232926435,1646681,457380621,10221926,505844334,21371449,649212057,24090732,636409977,22216752,702885744,26055777,690535281,19866521,468355827,9677410,333077472,8105551,120212820,5268013,
2021/08/15,232492680,1638031,456528888,10168918,504902352,21271054,648003096,23982182,635224856,22116856,701576832,25942232,689249368,19780588,467483656,9635950,332457216,8072382,119988960,5246872,
2021/08/14,232058925,1629412,455677155,10116376,503960370,21171294,646794135,23873502,634039735,22016926,700267920,25828731,687963455,19694802,466611485,9594769,331836960,8038992,119765100,5225739,
2021/08/13,231625170,1620802,454825422,10063929,503018388,21071667,645585174,23764965,632854614,21917091,698959008,25715351,686677542,19609331,465739314,9553870,331216704,8005606,119541240,5204611,
2021/08/12,231191415,1612229,453973689,10011605,502076406,20972318,644376213,23656808,631669493,21817418,697650096,25601699,685391629,19523677,464867143,9512765,330596448,7972260,119317380,5183490,
2021/08/11,230757660,1603658,453121956,9959433,501134424,20873423,643167252,23548974,630484372,21718041,696341184,25488254,684105716,19438259,463994972,9471649,329976192,7938928,119093520,5162378,
2021/08/10,230323905,1595112,452270223,9907336,500192442,20774696,641958291,23441458,629299251,21618894,695032272,25375186,682819803,19352697,463122801,9430586,329355936,7905674,118869660,5141270,
2021/08/09,229890150,1586574,451418490,9855341,499250460,20676556,640749330,23334516,628114130,21519967,693723360,25262516,681533890,19267635,462250630,9389661,328735680,7872533,118645800,5120394,
2021/08/08,229456395,1578052,450566757,9803390,498308478,20578720,639540369,23227761,626929009,21420656,692414448,25149752,680247977,19182168,461378459,9348733,328115424,7839738,118421940,5099486,
2021/08/07,229022640,1569534,449715024,9751495,497366496,20480495,638331408,23120559,625743888,21321485,691105536,25036884,678962064,19096719,460506288,9307673,327495168,7806411,118198080,5078391,
2021/08/06,228588885,1561036,448863291,9699510,496424514,20382339,637122447,23013541,624558767,21222265,689796624,24924071,677676151,19011485,459634117,9266910,326874912,7773089,117974220,5057301,
2021/08/05,228155130,1552548,448011558,9647614,495482532,20284418,635913486,22906594,623373646,21123258,688487712,24811323,676390238,18926383,458761946,9225889,326254656,7739775,117750360,5036590,
2021/08/04,227721375,1544069,447159825,9595726,494540550,20186925,634704525,22800081,622188525,21024723,687178800,24698800,675104325,18841200,457889775,9184634,325634400,7706557,117526500,5015278,
2021/08/03,227287620,1535590,446308092,9544029,493598568,20089098,633495564,22693397,621003404,20925868,685869888,24585897,673818412,18755959,457017604,9143531,325014144,7673268,117302640,4993896,
2021/08/02,226853865,1527121,445456359,9492257,492656586,19991690,632286603,22587155,619818283,20826677,684560976,24472775,672532499,18670549,456145433,9102669,324393888,7639994,117078780,4972819,
2021/08/01,226420110,1518916,444604626,9440561,491714604,19893871,631077642,22480461,618633162,20727924,683252064,24360082,671246586,18584714,455273262,9061524,323773632,7606713,116854920,4951854,
2021/07/31,225986355,1510454,443752893,9388976,490772622,19796858,629868681,22374642,617448041,20629204,681943152,24247821,669960673,18499462,454401091,9020550,323153376,7573460,116631060,4930781,
2021/07/30,225552600,1502003,442901160,9337424,489830640,19699979,628659720,22268417,616262920,20530532,680634240,24135398,668674760,18414238,453528920,8979596,322533120,7540195,116407200,4909709,
2021/07/29,225118845,1493557,442049427,9285910,488888658,19603318,627450759,22162399,615077799,20431996,679325328,24022858,667388847,18329053,452656749,8938656,321912864,7506943,116183340,4888434,
2021/07/28,224685090,1485125,441197694,9234427,487946676,19506922,626241798,22056836,613892678,20333441,678016416,23910527,666102934,18243783,451784578,8898067,321292608,7473871,115959480,4867687,
2021/07/27,224251335,1476699,440345961,9182861,487004694,19410743,625032837,21951109,612707557,20234953,676707504,23798352,664817021,18158908,450912407,8857142,320672352,7440826,115735620,4846620,
2021/07/26,223817580,1468280,439494228,9131435,486062712,19314760,623823876,21845333,611522436,20136213,675398592,23686312,663531108,18073351,450040236,8816226,320052096,7407704,115511760,4825551,
2021/07/25,433755,8405,851733,51374,941982,95727,1208961,105478,1185121,98394,1308912,112172,1285913,85085,872171,40900,620256,33229,223860,21066,
2021/07/24,433755,8401,851733,51346,941982,95616,1208961,105404,1185121,98346,1308912,112144,1285913,85074,872171,40895,620256,33222,223860,21065,
2021/07/23,433755,8397,851733,51314,941982,95486,1208961,105325,1185121,98304,1308912,112098,1285913,85061,872171,40884,620256,33216,223860,21063,
2021/07/22,433755,8396,851733,51289,941982,95310,1208961,105235,1185121,98256,1308912,112067,1285913,85035,872171,40880,620256,33213,223860,21062,
2021/07/21,433755,8389,851733,51263,941982,95141,1208961,105105,1185121,98207,1308912,112022,1285913,85010,872171,40870,620256,33211,223860,21062,
2021/07/20,433755,8378,851733,51238,941982,94989,1208961,105019,1185121,98159,1308912,111982,1285913,84985,872171,40866,620256,33206,223860,21060,
2021/07/19,433755,8371,851733,51216,941982,94882,1208961,104950,1185121,98115,1308912,111944,1285913,84969,872171,40862,620256,33202,223860,21057,
2021/07/18,433755,8367,851733,51206,941982,94765,1208961,104906,1185121,98096,1308912,111919,1285913,84955,872171,40856,620256,33202,223860,21057,
2021/07/17,433755,8367,851733,51186,941982,94623,1208961,104821,1185121,98072,1308912,111888,1285913,84942,872171,40852,620256,33199,223860,21054,
2021/07/16,433755,8362,851733,51153,941982,94431,1208961,104724,1185121,98026,1308912,111836,1285913,84919,872171,40846,620256,33195,223860,21053,
2021/07/15,433755,8352,851733,51140,941982,94279,1208961,104645,1185121,97996,1308912,111812,1285913,84908,872171,40843,620256,33194,223860,21053,
2021/07/14,433755,8348,851733,51121,941982,94144,1208961,104578,1185121,97970,1308912,111777,1285913,84899,872171,40833,620256,33191,223860,21051,
2021/07/13,433755,8345,851733,51108,941982,94036,1208961,104521,1185121,97940,1308912,111753,1285913,84885,872171,40824,620256,33187,223860,21048,
2021/07/12,433755,8341,851733,51093,941982,93929,1208961,104462,1185121,97902,1308912,111723,1285913,84870,872171,40812,620256,33181,223860,21050,
2021/07/11,433755,8340,851733,51084,941982,93861,1208961,104450,1185121,97900,1308912,111722,1285913,84866,872171,40817,620256,33182,223860,21056,
2021/07/10,433755,8336,851733,51077,941982,93798,1208961,104413,1185121,97883,1308912,111710,1285913,84862,872171,40812,620256,33180,223860,21054,
2021/07/09,433755,8335,851733,51080,941982,93742,1208961,104405,1185121,97898,1308912,111723,1285913,84872,872171,40812,620256,33180,223860,21057,
2021/07/08,433755,8347,851733,51051,941982,93691,1208961,104390,1185121,97895,1308912,111709,1285913,84875,872171,40807,620256,33182,223860,21050,
2021/07/07,433755,8348,851733,51032,941982,93643,1208961,104363,1185121,97877,1308912,111693,1285913,84872,872171,40805,620256,33184,223860,21050,
2021/07/06,433755,8342,851733,51020,941982,93615,1208961,104336,1185121,97854,1308912,111682,1285913,84867,872171,40803,620256,33186,223860,21051,
2021/07/05,433755,8337,851733,51008,941982,93584,1208961,104317,1185121,97850,1308912,111674,1285913,84859,872171,40800,620256,33182,223860,21054,
2021/07/04,433755,8336,851733,51000,941982,93564,1208961,104307,1185121,97842,1308912,111676,1285913,84861,872171,40801,620256,33184,223860,21050,
2021/07/03,433755,8336,851733,50993,941982,93533,1208961,104292,1185121,97831,1308912,111676,1285913,84856,872171,40797,620256,33184,223860,21050,
2021/07/02,433755,8335,851733,50978,941982,93491,1208961,104261,1185121,97811,1308912,111663,1285913,84846,872171,40791,620256,33181,223860,21046,
2021/07/01,433755,8330,851733,50957,941982,93454,1208961,104231,1185121,97784,1308912,111644,1285913,84828,872171,40790,620256,33177,223860,21043,
2021/06/30,433755,8330,851733,50941,941982,93434,1208961,104219,1185121,97779,1308912,111641,1285913,84827,872171,40791,620256,33180,223860,21042,
2021/06/29,433755,8328,851733,50931,941982,93407,1208961,104218,1185121,97782,1308912,111644,1285913,84830,872171,40788,620256,33180,223860,21040,
2021/06/28,433755,8323,851733,50934,941982,93409,1208961,104225,1185121,97801,1308912,111665,1285913,84831,872171,40792,620256,33185,223860,21042,
2021/06/27,435835,8324,847225,50928,955625,93399,1209030,104235,1174745,97801,1333857,111684,1251120,84837,842035,40799,625267,33190,226325,21048,
2021/06/26,435835,8323,847225,50917,955625,93385,1209030,104217,1174745,97791,1333857,111669,1251120,84835,842035,40798,625267,33190,226325,21046,
2021/06/25,435835,8317,847225,50890,955625,93352,1209030,104179,1174745,97768,1333857,111660,1251120,84822,842035,40795,625267,33189,226325,21046,
2021/06/24,435835,8312,847225,50861,955625,93327,1209030,104146,1174745,97758,1333857,111640,1251120,84811,842035,40788,625267,33180,226325,21041,
2021/06/23,435835,8308,847225,50847,955625,93304,1209030,104128,1174745,97751,1333857,111632,1251120,84810,842035,40788,625267,33179,226325,21044,
2021/06/22,435835,8306,847225,50828,955625,93270,1209030,104114,1174745,97736,1333857,111618,1251120,84804,842035,40783,625267,33179,226325,21044,
2021/06/21,435835,8305,847225,50807,955625,93255,1209030,104090,1174745,97729,1333857,111613,1251120,84808,842035,40782,625267,33182,226325,21038,
2021/06/20,435835,8303,847225,50789,955625,93234,1209030,104073,1174745,97727,1333857,111606,1251120,84808,842035,40780,625267,33174,226325,21040,
2021/06/19,435835,8303,847225,50769,955625,93217,1209030,104053,1174745,97712,1333857,111589,1251120,84798,842035,40777,625267,33175,226325,21041,
2021/06/18,435835,8301,847225,50745,955625,93182,1209030,104020,1174745,97687,1333857,111567,1251120,84786,842035,40772,625267,33170,226325,21039,
2021/06/17,435835,8300,847225,50729,955625,93150,1209030,103989,1174745,97671,1333857,111554,1251120,84770,842035,40770,625267,33165,226325,21037,
2021/06/16,435835,8298,847225,50698,955625,93096,1209030,103962,1174745,97640,1333857,111535,1251120,84763,842035,40768,625267,33164,226325,21034,
2021/06/15,435835,8295,847225,50676,955625,93055,1209030,103935,1174745,97603,1333857,111516,1251120,84755,842035,40762,625267,33153,226325,21030,
2021/06/14,435835,8293,847225,50658,955625,93018,1209030,103916,1174745,97577,1333857,111499,1251120,84745,842035,40755,625267,33152,226325,21029,
2021/06/13,435835,8286,847225,50640,955625,93005,1209030,103904,1174745,97558,1333857,111493,1251120,84748,842035,40758,625267,33155,226325,21031,
2021/06/12,435835,8281,847225,50608,955625,92947,1209030,103864,1174745,97524,1333857,111467,1251120,84738,842035,40753,625267,33150,226325,21030,
2021/06/11,435835,8278,847225,50597,955625,92895,1209030,103817,1174745,97501,1333857,111437,1251120,84714,842035,40743,625267,33141,226325,21026,
2021/06/10,435835,8273,847225,50562,955625,92827,1209030,103772,1174745,97478,1333857,111403,1251120,84699,842035,40737,625267,33140,226325,21024,
2021/06/09,435835,8266,847225,50517,955625,92774,1209030,103733,1174745,97431,1333857,111371,1251120,84679,842035,40728,625267,33134,226325,21020,
2021/06/08,435835,8259,847225,50463,955625,92697,1209030,103675,1174745,97385,1333857,111331,1251120,84649,842035,40726,625267,33126,226325,21014,
2021/06/07,435835,8252,847225,50425,955625,92634,1209030,103627,1174745,97340,1333857,111290,1251120,84625,842035,40712,625267,33128,226325,21011,
2021/06/06,435835,8245,847225,50381,955625,92562,1209030,103589,1174745,97291,1333857,111257,1251120,84613,842035,40703,625267,33122,226325,21010,
2021/06/05,435835,8236,847225,50336,955625,92466,1209030,103530,1174745,97237,1333857,111218,1251120,84589,842035,40691,625267,33117,226325,21005,
2021/06/04,435835,8228,847225,50296,955625,92404,1209030,103472,1174745,97196,1333857,111170,1251120,84565,842035,40680,625267,33114,226325,21002,
2021/06/03,435835,8214,847225,50262,955625,92345,1209030,103417,1174745,97137,1333857,111138,1251120,84537,842035,40681,625267,33103,226325,21003,
2021/06/02,435835,8208,847225,50224,955625,92266,1209030,103363,1174745,97096,1333857,111077,1251120,84518,842035,40669,625267,33098,226325,20995,
2021/06/01,435835,8194,847225,50154,955625,92166,1209030,103277,1174745,97009,1333857,111027,1251120,84488,842035,40652,625267,33087,226325,20992,
2021/05/31,435835,8186,847225,50103,955625,92078,1209030,103225,1174745,96952,1333857,110962,1251120,84460,842035,40642,625267,33080,226325,20991,
2021/05/30,435835,8179,847225,50075,955625,92033,1209030,103186,1174745,96929,1333857,110941,1251120,84452,842035,40646,625267,33087,226325,20997,
2021/05/29,435835,8169,847225,50014,955625,91969,1209030,103117,1174745,96876,1333857,110886,1251120,84414,842035,40634,625267,33089,226325,20991,
2021/05/28,435835,8162,847225,49948,955625,91861,1209030,103017,1174745,96792,1333857,110796,1251120,84357,842035,40617,625267,33064,226325,20980,
2021/05/27,435835,8139,847225,49875,955625,91750,1209030,102913,1174745,96719,1333857,110725,1251120,84309,842035,40597,625267,33054,226325,20975,
2021/05/26,435835,8115,847225,49788,955625,91637,1209030,102830,1174745,96626,1333857,110624,1251120,84265,842035,40573,625267,33042,226325,20966,
2021/05/25,435835,8106,847225,49716,955625,91558,1209030,102768,1174745,96560,1333857,110540,1251120,84224,842035,40556,625267,33028,226325,20956,
2021/05/24,435835,8100,847225,49656,955625,91490,1209030,102726,1174745,96526,1333857,110501,1251120,84188,842035,40550,625267,33031,226325,20958,
2021/05/23,435835,8089,847225,49598,955625,91427,1209030,102664,1174745,96469,1333857,110458,1251120,84165,842035,40534,625267,33029,226325,20951,
2021/05/22,435835,8071,847225,49505,955625,91338,1209030,102575,1174745,96394,1333857,110386,1251120,84125,842035,40505,625267,33010,226325,20947,
2021/05/21,435835,8053,847225,49420,955625,91210,1209030,102457,1174745,96295,1333857,110309,1251120,84064,842035,40484,625267,32998,226325,20943,
2021/05/20,435835,8043,847225,49306,955625,91084,1209030,102332,1174745,96202,1333857,110220,1251120,84003,842035,40456,625267,32983,226325,20934,
2021/05/19,435835,8023,847225,49207,955625,90980,1209030,102250,1174745,96116,1333857,110115,1251120,83938,842035,40438,625267,32970,226325,20925,
2021/05/18,435835,8000,847225,49066,955625,90837,1209030,102099,1174745,95972,1333857,109993,1251120,83838,842035,40415,625267,32957,226325,20919,
2021/05/17,435835,7989,847225,48978,955625,90748,1209030,101988,1174745,95861,1333857,109894,1251120,83771,842035,40382,625267,32947,226325,20910,
2021/05/16,435835,7973,847225,48918,955625,90677,1209030,101934,1174745,95784,1333857,109843,1251120,83728,842035,40364,625267,32946,226325,20906,
2021/05/15,435835,7955,847225,48824,955625,90584,1209030,101812,1174745,95655,1333857,109752,1251120,83650,842035,40342,625267,32927,226325,20897,
2021/05/14,435835,7927,847225,48737,955625,90472,1209030,101675,1174745,95553,1333857,109654,1251120,83584,842035,40314,625267,32908,226325,20890,
2021/05/13,435835,7903,847225,48603,955625,90348,1209030,101564,1174745,95455,1333857,109543,1251120,83508,842035,40289,625267,32897,226325,20886,
2021/05/12,435835,7880,847225,48437,955625,90161,1209030,101395,1174745,95268,1333857,109379,1251120,83402,842035,40233,625267,32868,226325,20870,
2021/05/11,435835,7833,847225,48266,955625,89968,1209030,101211,1174745,95082,1333857,109200,1251120,83265,842035,40193,625267,32845,226325,20853,
2021/05/10,435835,7808,847225,48128,955625,89850,1209030,101065,1174745,94915,1333857,109031,1251120,83146,842035,40143,625267,32815,226325,20842,
2021/05/09,435835,7779,847225,48022,955625,89749,1209030,100963,1174745,94819,1333857,108932,1251120,83062,842035,40115,625267,32796,226325,20836,
2021/05/08,435835,7753,847225,47860,955625,89596,1209030,100804,1174745,94636,1333857,108770,1251120,82960,842035,40080,625267,32780,226325,20824,
2021/05/07,435835,7726,847225,47700,955625,89407,1209030,100584,1174745,94461,1333857,108574,1251120,82799,842035,40030,625267,32735,226325,20800,
2021/05/06,435835,7688,847225,47453,955625,89192,1209030,100382,1174745,94231,1333857,108378,1251120,82654,842035,39969,625267,32704,226325,20784,
2021/05/05,435835,7661,847225,47279,955625,88996,1209030,100219,1174745,94023,1333857,108159,1251120,82533,842035,39916,625267,32660,226325,20763,
2021/05/04,435835,7621,847225,47023,955625,88732,1209030,99990,1174745,93723,1333857,107894,1251120,82362,842035,39833,625267,32614,226325,20742,
2021/05/03,435835,7570,847225,46833,955625,88525,1209030,99804,1174745,93505,1333857,107675,1251120,82222,842035,39773,625267,32596,226325,20727,
2021/05/02,435835,7543,847225,46701,955625,88384,1209030,99657,1174745,93348,1333857,107536,1251120,82118,842035,39721,625267,32593,226325,20717,
2021/05/01,435835,7493,847225,46430,955625,88106,1209030,99391,1174745,93073,1333857,107268,1251120,81934,842035,39654,625267,32558,226325,20698,
2021/04/30,435835,7444,847225,46185,955625,87861,1209030,99103,1174745,92816,1333857,107016,1251120,81760,842035,39573,625267,32518,226325,20686,
2021/04/29,435835,7357,847225,45842,955625,87546,1209030,98727,1174745,92463,1333857,106700,1251120,81511,842035,39442,625267,32451,226325,20676,
2021/04/28,435835,7318,847225,45564,955625,87225,1209030,98396,1174745,92123,1333857,106406,1251120,81313,842035,39325,625267,32406,226325,20659,
2021/04/27,435835,7258,847225,45265,955625,86832,1209030,98049,1174745,91749,1333857,106034,1251120,81023,842035,39221,625267,32348,226325,20646,
2021/04/26,435835,7211,847225,45035,955625,86581,1209030,97816,1174745,91473,1333857,105768,1251120,80888,842035,39151,625267,32319,226325,20631,
2021/04/25,435835,7163,847225,44830,955625,86393,1209030,97602,1174745,91245,1333857,105571,1251120,80734,842035,39072,625267,32279,226325,20623,
2021/04/24,435835,7104,847225,44569,955625,86070,1209030,97259,1174745,90909,1333857,105232,1251120,80492,842035,38966,625267,32221,226325,20599,
2021/04/23,435835,7063,847225,44314,955625,85711,1209030,96883,1174745,90546,1333857,104860,1251120,80231,842035,38860,625267,32145,226325,20579,
2021/04/22,435835,7020,847225,43966,955625,85314,1209030,96495,1174745,90165,1333857,104480,1251120,79962,842035,38752,625267,32074,226325,20554,
2021/04/21,435835,6954,847225,43614,955625,84936,1209030,96113,1174745,89789,1333857,104125,1251120,79700,842035,38636,625267,32013,226325,20540,
2021/04/20,435835,6895,847225,43354,955625,84576,1209030,95713,1174745,89411,1333857,103727,1251120,79411,842035,38502,625267,31943,226325,20513,
2021/04/19,435835,6851,847225,43087,955625,84310,1209030,95392,1174745,89093,1333857,103394,1251120,79172,842035,38388,625267,31878,226325,20491,
2021/04/18,435835,6797,847225,42819,955625,84017,1209030,95124,1174745,88810,1333857,103081,1251120,78968,842035,38291,625267,31844,226325,20479,
2021/04/17,435835,6746,847225,42509,955625,83701,1209030,94771,1174745,88500,1333857,102767,1251120,78712,842035,38168,625267,31758,226325,20455,
2021/04/16,435835,6688,847225,42153,955625,83264,1209030,94365,1174745,88103,1333857,102384,1251120,78422,842035,38045,625267,31665,226325,20409,
2021/04/15,435835,6639,847225,41841,955625,82907,1209030,94006,1174745,87742,1333857,102011,1251120,78148,842035,37899,625267,31578,226325,20370,
2021/04/14,435835,6585,847225,41494,955625,82493,1209030,93577,1174745,87345,1333857,101628,1251120,77853,842035,37752,625267,31508,226325,20354,
2021/04/13,435835,6536,847225,41129,955625,82066,1209030,93144,1174745,86877,1333857,101134,1251120,77502,842035,37608,625267,31414,226325,20330,
2021/04/12,435835,6489,847225,40928,955625,81764,1209030,92816,1174745,86572,1333857,100763,1251120,77261,842035,37459,625267,31341,226325,20309,
2021/04/11,435835,6456,847225,40730,955625,81482,1209030,92528,1174745,86312,1333857,100439,1251120,77048,842035,37362,625267,31283,226325,20295,
2021/04/10,435835,6416,847225,40499,955625,81138,1209030,92162,1174745,85980,1333857,100134,1251120,76788,842035,37219,625267,31199,226325,20269,
2021/04/09,435835,6358,847225,40113,955625,80584,1209030,91495,1174745,85422,1333857,99586,1251120,76336,842035,37033,625267,31075,226325,20211,
2021/04/08,435835,6313,847225,39864,955625,80216,1209030,91085,1174745,85049,1333857,99189,1251120,75999,842035,36897,625267,30995,226325,20179,
2021/04/07,435835,6268,847225,39554,955625,79759,1209030,90564,1174745,84573,1333857,98661,1251120,75610,842035,36718,625267,30913,226325,20123,
2021/04/06,435835,6225,847225,39280,955625,79294,1209030,90077,1174745,84092,1333857,98159,1251120,75228,842035,36523,625267,30785,226325,20079,
2021/04/05,435835,6192,847225,39097,955625,78998,1209030,89732,1174745,83739,1333857,97820,1251120,74967,842035,36357,625267,30703,226325,20050,
2021/04/04,435835,6160,847225,38880,955625,78623,1209030,89367,1174745,83383,1333857,97425,1251120,74681,842035,36209,625267,30613,226325,20029,
2021/04/03,435835,6103,847225,38568,955625,78195,1209030,88913,1174745,82932,1333857,96950,1251120,74295,842035,36020,625267,30492,226325,19998,
2021/04/02,435835,6038,847225,38196,955625,77641,1209030,88291,1174745,82341,1333857,96338,1251120,73808,842035,35835,625267,30348,226325,19955,
2021/04/01,435835,5978,847225,37907,955625,77187,1209030,87795,1174745,81827,1333857,95836,1251120,73382,842035,35640,625267,30248,226325,19911,
2021/03/31,435835,5903,847225,37608,955625,76716,1209030,87306,1174745,81330,1333857,95342,1251120,72986,842035,35436,625267,30148,226325,19889,
2021/03/30,435835,5848,847225,37343,955625,76254,1209030,86790,1174745,80795,1333857,94803,1251120,72596,842035,35255,625267,30017,226325,19841,
2021/03/29,435835,5783,847225,37058,955625,75835,1209030,86363,1174745,80322,1333857,94324,1251120,72259,842035,35088,625267,29918,226325,19802,
2021/03/28,435835,5728,847225,36694,955625,75347,1209030,85873,1174745,79831,1333857,93766,1251120,71825,842035,34884,625267,29802,226325,19763,
2021/03/27,435835,5685,847225,36392,955625,74922,1209030,85435,1174745,79420,1333857,93328,1251120,71522,842035,34727,625267,29693,226325,19720,
2021/03/26,435835,5615,847225,35884,955625,74326,1209030,84801,1174745,78863,1333857,92707,1251120,71038,842035,34519,625267,29541,226325,19659,
2021/03/25,435835,5550,847225,35463,955625,73780,1209030,84217,1174745,78320,1333857,92105,1251120,70672,842035,34318,625267,29427,226325,19614,
2021/03/24,435835,5474,847225,35040,955625,73232,1209030,83656,1174745,77760,1333857,91563,1251120,70236,842035,34126,625267,29302,226325,19561,
2021/03/23,435835,5415,847225,34633,955625,72733,1209030,83146,1174745,77280,1333857,90997,1251120,69847,842035,33952,625267,29165,226325,19518,
2021/03/22,435835,5345,847225,34313,955625,72321,1209030,82757,1174745,76866,1333857,90536,1251120,69488,842035,33803,625267,29064,226325,19480,
2021/03/21,435835,5296,847225,34019,955625,71978,1209030,82415,1174745,76515,1333857,90175,1251120,69185,842035,33665,625267,28978,226325,19441,
2021/03/20,435835,5243,847225,33633,955625,71540,1209030,81996,1174745,76056,1333857,89707,1251120,68796,842035,33501,625267,28875,226325,19402,
2021/03/19,435835,5165,847225,33160,955625,70906,1209030,81390,1174745,75355,1333857,89085,1251120,68271,842035,33289,625267,28740,226325,19337,
2021/03/18,435835,5115,847225,32700,955625,70408,1209030,80887,1174745,74820,1333857,88546,1251120,67857,842035,33133,625267,28632,226325,19296,
2021/03/17,435835,5030,847225,32239,955625,69888,1209030,80335,1174745,74261,1333857,87986,1251120,67441,842035,32925,625267,28521,226325,19261,
2021/03/16,435835,4998,847225,31911,955625,69450,1209030,79899,1174745,73777,1333857,87509,1251120,67089,842035,32795,625267,28420,226325,19224,
2021/03/15,435835,4952,847225,31656,955625,69083,1209030,79478,1174745,73376,1333857,87105,1251120,66781,842035,32661,625267,28310,226325,19183,
2021/03/14,435835,4922,847225,31389,955625,68826,1209030,79196,1174745,73045,1333857,86797,1251120,66553,842035,32552,625267,28259,226325,19136,
2021/03/13,435835,4853,847225,31023,955625,68413,1209030,78815,1174745,72631,1333857,86346,1251120,66248,842035,32406,625267,28176,226325,19100,
2021/03/12,435835,4781,847225,30619,955625,67892,1209030,78287,1174745,72119,1333857,85788,1251120,65818,842035,32243,625267,28081,226325,19058,
2021/03/11,435835,4725,847225,30233,955625,67430,1209030,77761,1174745,71656,1333857,85307,1251120,65467,842035,32092,625267,27991,226325,19015,
2021/03/10,435835,4663,847225,29861,955625,66988,1209030,77296,1174745,71236,1333857,84872,1251120,65104,842035,31940,625267,27900,226325,18970,
2021/03/09,435835,4617,847225,29512,955625,66540,1209030,76847,1174745,70789,1333857,84395,1251120,64785,842035,31773,625267,27803,226325,18922,
2021/03/08,435835,4566,847225,29245,955625,66187,1209030,76494,1174745,70467,1333857,84023,1251120,64526,842035,31661,625267,27720,226325,18885,
2021/03/07,435835,4539,847225,28981,955625,65877,1209030,76201,1174745,70172,1333857,83718,1251120,64286,842035,31526,625267,27659,226325,18851,
2021/03/06,435835,4466,847225,28669,955625,65571,1209030,75839,1174745,69820,1333857,83361,1251120,63995,842035,31428,625267,27575,226325,18809,
2021/03/05,435835,4387,847225,28282,955625,65157,1209030,75435,1174745,69384,1333857,82883,1251120,63653,842035,31285,625267,27462,226325,18768,
2021/03/04,435835,4349,847225,27983,955625,64810,1209030,75066,1174745,69013,1333857,82515,1251120,63377,842035,31146,625267,27383,226325,18736,
2021/03/03,435835,4302,847225,27632,955625,64418,1209030,74657,1174745,68592,1333857,82073,1251120,63027,842035,31018,625267,27270,226325,18698,
2021/03/02,435835,4270,847225,27321,955625,64043,1209030,74251,1174745,68163,1333857,81667,1251120,62757,842035,30877,625267,27178,226325,18663,
2021/03/01,435835,4230,847225,27096,955625,63800,1209030,73949,1174745,67832,1333857,81361,1251120,62501,842035,30771,625267,27096,226325,18628,
2021/02/28,435835,4196,847225,26961,955625,63612,1209030,73757,1174745,67662,1333857,81175,1251120,62351,842035,30708,625267,27038,226325,18617,
2021/02/27,435835,4135,847225,26682,955625,63266,1209030,73429,1174745,67253,1333857,80816,1251120,62055,842035,30594,625267,26967,226325,18571,
2021/02/26,435835,4079,847225,26348,955625,62891,1209030,73019,1174745,66828,1333857,80430,1251120,61772,842035,30458,625267,26855,226325,18530,
2021/02/25,435835,4028,847225,26078,955625,62611,1209030,72712,1174745,66470,1333857,80073,1251120,61530,842035,30355,625267,26790,226325,18503,
2021/02/24,435835,3970,847225,25809,955625,62268,1209030,72330,1174745,66052,1333857,79685,1251120,61228,842035,30217,625267,26704,226325,18462,
2021/02/23,435835,3901,847225,25528,955625,61968,1209030,71987,1174745,65717,1333857,79331,1251120,60976,842035,30106,625267,26599,226325,18422,
2021/02/22,435835,3868,847225,25344,955625,61752,1209030,71720,1174745,65463,1333857,79051,1251120,60741,842035,29987,625267,26551,226325,18390,
2021/02/21,435835,3825,847225,25202,955625,61613,1209030,71555,1174745,65275,1333857,78873,1251120,60625,842035,29920,625267,26500,226325,18357,
2021/02/20,435835,3781,847225,24991,955625,61330,1209030,71260,1174745,64997,1333857,78559,1251120,60391,842035,29823,625267,26433,226325,18317,
2021/02/19,435835,3739,847225,24781,955625,61035,1209030,70965,1174745,64696,1333857,78241,1251120,60131,842035,29718,625267,26338,226325,18259,
2021/02/18,435835,3693,847225,24574,955625,60798,1209030,70683,1174745,64418,1333857,77933,1251120,59930,842035,29613,625267,26248,226325,18214,
2021/02/17,435835,3661,847225,24381,955625,60509,1209030,70361,1174745,64094,1333857,77614,1251120,59667,842035,29499,625267,26158,226325,18177,
2021/02/16,435835,3634,847225,24190,955625,60283,1209030,70098,1174745,63830,1333857,77336,1251120,59487,842035,29403,625267,26085,226325,18127,
2021/02/15,435835,3593,847225,24042,955625,60107,1209030,69888,1174745,63613,1333857,77118,1251120,59299,842035,29332,625267,26013,226325,18086,
2021/02/14,435835,3573,847225,23919,955625,59921,1209030,69706,1174745,63432,1333857,76914,1251120,59125,842035,29266,625267,25979,226325,18063,
2021/02/13,435835,3556,847225,23829,955625,59753,1209030,69513,1174745,63257,1333857,76706,1251120,58943,842035,29187,625267,25925,226325,18027,
2021/02/12,435835,3550,847225,23723,955625,59545,1209030,69317,1174745,63063,1333857,76457,1251120,58778,842035,29097,625267,25863,226325,17978,
2021/02/11,435835,3517,847225,23543,955625,59308,1209030,69024,1174745,62816,1333857,76163,1251120,58563,842035,29010,625267,25788,226325,17931,
2021/02/10,435835,3495,847225,23393,955625,59079,1209030,68732,1174745,62556,1333857,75889,1251120,58353,842035,28903,625267,25722,226325,17887,
2021/02/09,435835,3469,847225,23283,955625,58904,1209030,68501,1174745,62335,1333857,75645,1251120,58154,842035,28799,625267,25644,226325,17841,
2021/02/08,435835,3453,847225,23204,955625,58760,1209030,68322,1174745,62186,1333857,75431,1251120,57975,842035,28727,625267,25582,226325,17815,
2021/02/07,435835,3437,847225,23126,955625,58637,1209030,68197,1174745,62066,1333857,75299,1251120,57866,842035,28672,625267,25536,226325,17811,
2021/02/06,435835,3419,847225,23016,955625,58463,1209030,67980,1174745,61861,1333857,75071,1251120,57669,842035,28584,625267,25472,226325,17775,
2021/02/05,435835,3391,847225,22895,955625,58261,1209030,67751,1174745,61678,1333857,74810,1251120,57482,842035,28488,625267,25402,226325,17715,
2021/02/04,435835,3370,847225,22795,955625,58086,1209030,67545,1174745,61479,1333857,74579,1251120,57312,842035,28395,625267,25312,226325,17646,
2021/02/03,435835,3358,847225,22715,955625,57864,1209030,67277,1174745,61238,1333857,74289,1251120,57083,842035,28300,625267,25214,226325,17590,
2021/02/02,435835,3328,847225,22621,955625,57679,1209030,67002,1174745,60982,1333857,73968,1251120,56842,842035,28195,625267,25117,226325,17508,
2021/02/01,435835,3308,847225,22544,955625,57509,1209030,66792,1174745,60792,1333857,73719,1251120,56654,842035,28111,625267,25030,226325,17465,
2021/01/31,435835,3284,847225,22471,955625,57375,1209030,66659,1174745,60631,1333857,73557,1251120,56543,842035,28056,625267,24975,226325,17437,
2021/01/30,435835,3277,847225,22387,955625,57234,1209030,66484,1174745,60459,1333857,73376,1251120,56374,842035,27993,625267,24917,226325,17394,
2021/01/29,435835,3251,847225,22293,955625,57068,1209030,66253,1174745,60257,1333857,73100,1251120,56178,842035,27882,625267,24802,226325,17292,
2021/01/28,435835,3229,847225,22184,955625,56865,1209030,65987,1174745,60019,1333857,72855,1251120,55948,842035,27782,625267,24687,226325,17214,
2021/01/27,435835,3216,847225,22100,955625,56727,1209030,65808,1174745,59825,1333857,72620,1251120,55787,842035,27696,625267,24597,226325,17156,
2021/01/26,435835,3202,847225,22016,955625,56513,1209030,65571,1174745,59560,1333857,72339,1251120,55560,842035,27609,625267,24484,226325,17072,
2021/01/25,435835,3184,847225,21935,955625,56349,1209030,65342,1174745,59329,1333857,72085,1251120,55356,842035,27523,625267,24372,226325,17006,
2021/01/24,435835,3163,847225,21858,955625,56228,1209030,65200,1174745,59203,1333857,71916,1251120,55224,842035,27457,625267,24320,226325,16968,
2021/01/23,435835,3139,847225,21767,955625,56057,1209030,64974,1174745,59017,1333857,71679,1251120,55050,842035,27366,625267,24247,226325,16894,
2021/01/22,435835,3126,847225,21683,955625,55823,1209030,64723,1174745,58813,1333857,71408,1251120,54838,842035,27265,625267,24152,226325,16808,
2021/01/21,435835,3105,847225,21576,955625,55554,1209030,64450,1174745,58551,1333857,71088,1251120,54602,842035,27170,625267,24054,226325,16710,
2021/01/20,435835,3091,847225,21484,955625,55328,1209030,64180,1174745,58306,1333857,70737,1251120,54372,842035,27064,625267,23927,226325,16592,
2021/01/19,435835,3075,847225,21405,955625,55110,1209030,63940,1174745,58060,1333857,70472,1251120,54123,842035,26959,625267,23818,226325,16485,
2021/01/18,435835,3070,847225,21331,955625,54914,1209030,63695,1174745,57862,1333857,70184,1251120,53908,842035,26861,625267,23730,226325,16429,
2021/01/17,435835,3064,847225,21274,955625,54794,1209030,63563,1174745,57765,1333857,70007,1251120,53789,842035,26801,625267,23673,226325,16386,
2021/01/16,435835,3054,847225,21216,955625,54601,1209030,63381,1174745,57600,1333857,69774,1251120,53592,842035,26686,625267,23557,226325,16294,
2021/01/15,435835,3044,847225,21153,955625,54394,1209030,63089,1174745,57331,1333857,69430,1251120,53336,842035,26565,625267,23436,226325,16220,
2021/01/14,435835,3038,847225,21079,955625,54203,1209030,62846,1174745,57155,1333857,69187,1251120,53153,842035,26452,625267,23319,226325,16094,
2021/01/13,435835,3031,847225,21006,955625,53978,1209030,62591,1174745,56970,1333857,68923,1251120,52943,842035,26337,625267,23223,226325,16010,
2021/01/12,435835,3023,847225,20934,955625,53677,1209030,62244,1174745,56669,1333857,68533,1251120,52637,842035,26179,625267,23024,226325,15846,
2021/01/11,435835,3008,847225,20865,955625,53437,1209030,61967,1174745,56416,1333857,68205,1251120,52423,842035,26065,625267,22886,226325,15766,
2021/01/10,435835,3001,847225,20786,955625,53266,1209030,61738,1174745,56281,1333857,67980,1251120,52232,842035,25964,625267,22779,226325,15683,
2021/01/09,435835,2991,847225,20710,955625,53035,1209030,61476,1174745,56068,1333857,67726,1251120,52011,842035,25845,625267,22660,226325,15591,
2021/01/08,435835,2983,847225,20612,955625,52708,1209030,61076,1174745,55733,1333857,67285,1251120,51648,842035,25678,625267,22475,226325,15469,
2021/01/07,435835,2971,847225,20503,955625,52470,1209030,60772,1174745,55426,1333857,66955,1251120,51357,842035,25533,625267,22324,226325,15355,
2021/01/06,435835,2961,847225,20396,955625,52213,1209030,60482,1174745,55147,1333857,66613,1251120,51076,842035,25357,625267,22180,226325,15235,
2021/01/05,435835,2947,847225,20294,955625,51839,1209030,60012,1174745,54745,1333857,66114,1251120,50639,842035,25158,625267,21995,226325,15045,
2021/01/04,435835,2938,847225,20197,955625,51524,1209030,59629,1174745,54428,1333857,65729,1251120,50305,842035,25007,625267,21849,226325,14922,
2021/01/03,435835,2933,847225,20096,955625,51274,1209030,59310,1174745,54137,1333857,65391,1251120,50056,842035,24847,625267,21716,226325,14817,
2021/01/02,435835,2925,847225,20009,955625,51068,1209030,59034,1174745,53898,1333857,65130,1251120,49843,842035,24726,625267,21604,226325,14729,
2021/01/01,435835,2916,847225,19923,955625,50856,1209030,58803,1174745,53683,1333857,64880,1251120,49630,842035,24628,625267,21492,226325,14664,
2020/12/31,435835,2910,847225,19817,955625,50566,1209030,58485,1174745,53399,1333857,64496,1251120,49333,842035,24459,625267,21338,226325,14562,
2020/12/30,435835,2895,847225,19658,955625,50200,1209030,58026,1174745,52945,1333857,63994,1251120,48927,842035,24216,625267,21103,226325,14390,
2020/12/29,435835,2879,847225,19509,955625,49834,1209030,57534,1174745,52479,1333857,63423,1251120,48486,842035,24011,625267,20869,226325,14201,
2020/12/28,435835,2869,847225,19428,955625,49653,1209030,57272,1174745,52197,1333857,63069,1251120,48194,842035,23881,625267,20733,226325,14093,
2020/12/27,435835,2850,847225,19312,955625,49458,1209030,57010,1174745,51962,1333857,62780,1251120,47975,842035,23766,625267,20630,226325,13995,
2020/12/26,435835,2844,847225,19222,955625,49314,1209030,56800,1174745,51757,1333857,62553,1251120,47785,842035,23643,625267,20535,226325,13909,
2020/12/25,435835,2831,847225,19151,955625,49143,1209030,56618,1174745,51557,1333857,62346,1251120,47615,842035,23542,625267,20445,226325,13856,
2020/12/24,435835,2823,847225,19034,955625,48906,1209030,56370,1174745,51312,1333857,62033,1251120,47374,842035,23412,625267,20337,226325,13753,
2020/12/23,435835,2806,847225,18884,955625,48592,1209030,55944,1174745,50892,1333857,61507,1251120,46986,842035,23221,625267,20125,226325,13579,
2020/12/22,435835,2794,847225,18758,955625,48328,1209030,55570,1174745,50462,1333857,61017,1251120,46638,842035,23029,625267,19923,226325,13417,
2020/12/21,435835,2776,847225,18633,955625,48090,1209030,55201,1174745,50092,1333857,60555,1251120,46268,842035,22830,625267,19737,226325,13261,
2020/12/20,435835,2770,847225,18540,955625,47935,1209030,55016,1174745,49904,1333857,60356,1251120,46118,842035,22737,625267,19650,226325,13199,
2020/12/19,435835,2757,847225,18430,955625,47765,1209030,54780,1174745,49671,1333857,60106,1251120,45909,842035,22625,625267,19526,226325,13063,
2020/12/18,435835,2740,847225,18338,955625,47494,1209030,54424,1174745,49331,1333857,59724,1251120,45577,842035,22488,625267,19361,226325,12897,
2020/12/17,435835,2724,847225,18215,955625,47294,1209030,54173,1174745,49065,1333857,59435,1251120,45304,842035,22330,625267,19178,226325,12743,
2020/12/16,435835,2710,847225,18072,955625,47040,1209030,53835,1174745,48760,1333857,59077,1251120,45039,842035,22151,625267,19023,226325,12574,
2020/12/15,435835,2699,847225,17937,955625,46715,1209030,53442,1174745,48371,1333857,58600,1251120,44655,842035,21948,625267,18803,226325,12345,
2020/12/14,435835,2682,847225,17762,955625,46368,1209030,53024,1174745,47927,1333857,58096,1251120,44214,842035,21679,625267,18581,226325,12228,
2020/12/13,435835,2668,847225,17637,955625,46063,1209030,52673,1174745,47573,1333857,57619,1251120,43791,842035,21455,625267,18407,226325,12154,
2020/12/12,435835,2651,847225,17474,955625,45723,1209030,52171,1174745,47153,1333857,57125,1251120,43325,842035,21203,625267,18212,226325,11998,
2020/12/11,435835,2622,847225,17336,955625,45366,1209030,51731,1174745,46733,1333857,56621,1251120,42924,842035,21002,625267,17984,226325,11778,
2020/12/10,435835,2601,847225,17222,955625,45039,1209030,51316,1174745,46313,1333857,56076,1251120,42533,842035,20785,625267,17703,226325,11483,
2020/12/09,435835,2588,847225,17094,955625,44750,1209030,50968,1174745,45936,1333857,55601,1251120,42176,842035,20613,625267,17513,226325,11366,
2020/12/08,435835,2565,847225,16936,955625,44397,1209030,50575,1174745,45517,1333857,55075,1251120,41751,842035,20450,625267,17288,226325,11138,
2020/12/07,435835,2552,847225,16818,955625,44109,1209030,50202,1174745,45157,1333857,54556,1251120,41380,842035,20275,625267,17073,226325,11039,
2020/12/06,435835,2537,847225,16679,955625,43833,1209030,49848,1174745,44843,1333857,54167,1251120,41072,842035,20128,625267,16914,226325,10958,
2020/12/05,435835,2514,847225,16564,955625,43516,1209030,49459,1174745,44417,1333857,53643,1251120,40697,842035,19930,625267,16707,226325,10787,
2020/12/04,435835,2486,847225,16407,955625,43211,1209030,49013,1174745,43970,1333857,53055,1251120,40293,842035,19709,625267,16424,226325,10506,
2020/12/03,435835,2468,847225,16255,955625,42798,1209030,48495,1174745,43411,1333857,52345,1251120,39847,842035,19475,625267,16113,226325,10235,
2020/12/02,435835,2436,847225,16095,955625,42353,1209030,47886,1174745,42839,1333857,51637,1251120,39334,842035,19262,625267,15831,226325,9985,
2020/12/01,435835,2419,847225,15972,955625,41973,1209030,47335,1174745,42320,1333857,50906,1251120,38842,842035,19011,625267,15530,226325,9690,
2020/11/30,435835,2395,847225,15784,955625,41579,1209030,46828,1174745,41727,1333857,50234,1251120,38355,842035,18801,625267,15299,226325,9531,
2020/11/29,435835,2378,847225,15607,955625,41292,1209030,46480,1174745,41406,1333857,49819,1251120,38041,842035,18621,625267,15139,226325,9402,
2020/11/28,435835,2358,847225,15401,955625,40810,1209030,45959,1174745,40821,1333857,49131,1251120,37509,842035,18349,625267,14834,226325,9106,
2020/11/27,435835,2324,847225,15155,955625,40193,1209030,45242,1174745,40040,1333857,48251,1251120,36848,842035,18035,625267,14554,226325,8871,
2020/11/26,435835,2295,847225,14904,955625,39649,1209030,44509,1174745,39277,1333857,47361,1251120,36158,842035,17715,625267,14238,226325,8588,
2020/11/25,435835,2257,847225,14642,955625,38988,1209030,43661,1174745,38408,1333857,46422,1251120,35377,842035,17346,625267,13849,226325,8298,
2020/11/24,435835,2204,847225,14354,955625,38314,1209030,42693,1174745,37406,1333857,45273,1251120,34594,842035,16987,625267,13492,226325,8035,
2020/11/23,435133,2183,843559,14185,969767,37910,1206874,42229,1166614,36913,1358143,44693,1210126,34172,833470,16813,609151,13315,225938,7917,
2020/11/22,435133,2164,843559,14029,969767,37635,1206874,41886,1166614,36499,1358143,44240,1210126,33812,833470,16639,609151,13136,225938,7780,
2020/11/21,435133,2123,843559,13770,969767,37152,1206874,41246,1166614,35843,1358143,43439,1210126,33230,833470,16377,609151,12834,225938,7595,
2020/11/20,435133,2087,843559,13446,969767,36473,1206874,40412,1166614,34974,1358143,42415,1210126,32434,833470,16003,609151,12460,225938,7302,
2020/11/19,435133,2041,843559,13087,969767,35694,1206874,39452,1166614,34036,1358143,41210,1210126,31526,833470,15552,609151,12046,225938,7042,
2020/11/18,435133,1996,843559,12697,969767,34802,1206874,38330,1166614,32913,1358143,39948,1210126,30540,833470,15075,609151,11645,225938,6700,
2020/11/17,435835,1916,847225,12061,955625,33509,1209030,36542,1174745,31171,1333857,37787,1251120,28900,842035,14292,625267,10960,226325,6327,
2020/11/16,435835,1860,847225,11724,955625,32886,1209030,35657,1174745,30287,1333857,36714,1251120,28065,842035,13894,625267,10596,226325,6118,
2020/11/15,435835,1818,847225,11411,955625,32384,1209030,35014,1174745,29638,1333857,35949,1251120,27422,842035,13578,625267,10345,226325,5937,
2020/11/14,435835,1768,847225,11072,955625,31655,1209030,34192,1174745,28894,1333857,35051,1251120,26651,842035,13185,625267,10003,226325,5747,
2020/11/13,435835,1725,847225,10726,955625,30739,1209030,33012,1174745,27787,1333857,33729,1251120,25586,842035,12653,625267,9592,226325,5478,
2020/11/12,435835,1666,847225,10226,955625,29551,1209030,31544,1174745,26409,1333857,32009,1251120,24297,842035,12011,625267,9122,226325,5230,
2020/11/11,435835,1614,847225,9750,955625,28142,1209030,29749,1174745,24810,1333857,30067,1251120,22744,842035,11303,625267,8573,226325,4945,
2020/11/10,435835,1548,847225,9264,955625,26829,1209030,28138,1174745,23324,1333857,28392,1251120,21265,842035,10568,625267,8038,226325,4688,
2020/11/09,435835,1517,847225,9102,955625,26308,1209030,27497,1174745,22801,1333857,27691,1251120,20714,842035,10259,625267,7787,226325,4539,
2020/11/08,435835,1486,847225,8855,955625,25473,1209030,26540,1174745,21968,1333857,26642,1251120,19902,842035,9826,625267,7485,226325,4334,
2020/11/07,435835,1449,847225,8602,955625,24566,1209030,25555,1174745,21163,1333857,25501,1251120,19056,842035,9341,625267,7137,226325,4135,
2020/11/06,435835,1411,847225,8297,955625,23360,1209030,24141,1174745,20015,1333857,24083,1251120,17907,842035,8750,625267,6724,226325,3919,
2020/11/05,435835,1383,847225,8034,955625,22386,1209030,23084,1174745,19125,1333857,22880,1251120,16957,842035,8297,625267,6409,226325,3728,
2020/11/04,435835,1345,847225,7749,955625,21362,1209030,21884,1174745,17984,1333857,21499,1251120,15925,842035,7800,625267,6102,226325,3582,
2020/11/03,435835,1318,847225,7519,955625,20404,1209030,20777,1174745,17035,1333857,20259,1251120,14916,842035,7351,625267,5732,226325,3407,
2020/11/02,435835,1285,847225,7335,955625,19773,1209030,20016,1174745,16346,1333857,19443,1251120,14258,842035,7018,625267,5498,226325,3304,
2020/11/01,435133,1265,843559,7156,969767,19298,1206874,19477,1166614,15880,1358143,18893,1210126,13810,833470,6794,609151,5316,225938,3221,
2020/10/31,435133,1231,843559,6930,969767,18555,1206874,18716,1166614,15237,1358143,18055,1210126,13169,833470,6463,609151,5111,225938,3117,
2020/10/30,435133,1201,843559,6708,969767,17695,1206874,17825,1166614,14497,1358143,17111,1210126,12453,833470,6122,609151,4852,225938,2979,
2020/10/29,435133,1167,843559,6443,969767,16888,1206874,16903,1166614,13711,1358143,16199,1210126,11699,833470,5780,609151,4586,225938,2824,
2020/10/28,435133,1136,843559,6229,969767,16273,1206874,16175,1166614,13086,1358143,15403,1210126,11090,833470,5471,609151,4340,225938,2692,
2020/10/27,435133,1104,843559,6002,969767,15627,1206874,15490,1166614,12509,1358143,14648,1210126,10542,833470,5177,609151,4090,225938,2557,
2020/10/26,435133,1083,843559,5828,969767,15213,1206874,15048,1166614,12162,1358143,14140,1210126,10220,833470,4998,609151,3915,225938,2441,
2020/10/25,435133,1064,843559,5646,969767,14846,1206874,14657,1166614,11796,1358143,13717,1210126,9876,833470,4806,609151,3761,225938,2367,
2020/10/24,435133,1043,843559,5455,969767,14408,1206874,14165,1166614,11405,1358143,13248,1210126,9518,833470,4607,609151,3647,225938,2274,
2020/10/23,435133,1024,843559,5252,969767,13881,1206874,13674,1166614,11006,1358143,12745,1210126,9137,833470,4439,609151,3478,225938,2145,
2020/10/22,435133,998,843559,5013,969767,13301,1206874,13083,1166614,10540,1358143,12133,1210126,8701,833470,4226,609151,3306,225938,2038,
2020/10/21,435133,973,843559,4863,969767,12894,1206874,12622,1166614,10154,1358143,11713,1210126,8358,833470,4059,609151,3182,225938,1951,
2020/10/20,435133,957,843559,4718,969767,12522,1206874,12214,1166614,9807,1358143,11309,1210126,8046,833470,3901,609151,3063,225938,1877,
2020/10/19,435133,940,843559,4599,969767,12231,1206874,11906,1166614,9525,1358143,11010,1210126,7825,833470,3781,609151,2978,225938,1816,
2020/10/18,435133,926,843559,4510,969767,12072,1206874,11749,1166614,9386,1358143,10819,1210126,7687,833470,3706,609151,2918,225938,1784,
2020/10/17,435133,916,843559,4388,969767,11827,1206874,11501,1166614,9180,1358143,10570,1210126,7506,833470,3621,609151,2846,225938,1749,
2020/10/16,435133,894,843559,4252,969767,11561,1206874,11249,1166614,8941,1358143,10300,1210126,7296,833470,3506,609151,2753,225938,1703,
2020/10/15,435133,864,843559,4111,969767,11278,1206874,10936,1166614,8718,1358143,10021,1210126,7093,833470,3394,609151,2683,225938,1666,
2020/10/14,435133,847,843559,3985,969767,11040,1206874,10729,1166614,8532,1358143,9769,1210126,6889,833470,3314,609151,2627,225938,1636,
2020/10/13,435133,831,843559,3839,969767,10759,1206874,10465,1166614,8311,1358143,9459,1210126,6708,833470,3240,609151,2568,225938,1582,
2020/10/12,435133,819,843559,3741,969767,10582,1206874,10279,1166614,8142,1358143,9268,1210126,6543,833470,3153,609151,2509,225938,1555,
2020/10/11,435133,809,843559,3652,969767,10473,1206874,10163,1166614,8064,1358143,9175,1210126,6483,833470,3109,609151,2467,225938,1538,
2020/10/10,435133,798,843559,3547,969767,10247,1206874,9970,1166614,7887,1358143,8960,1210126,6323,833470,3052,609151,2394,225938,1507,
2020/10/09,435133,792,843559,3453,969767,10100,1206874,9826,1166614,7759,1358143,8821,1210126,6230,833470,2991,609151,2357,225938,1455,
2020/10/08,435133,775,843559,3328,969767,9898,1206874,9625,1166614,7597,1358143,8636,1210126,6093,833470,2918,609151,2313,225938,1420,
2020/10/07,435133,765,843559,3209,969767,9690,1206874,9407,1166614,7430,1358143,8424,1210126,5955,833470,2859,609151,2263,225938,1380,
2020/10/06,435133,746,843559,3116,969767,9501,1206874,9223,1166614,7309,1358143,8245,1210126,5857,833470,2807,609151,2232,225938,1336,
2020/10/05,435133,736,843559,3009,969767,9314,1206874,9092,1166614,7172,1358143,8087,1210126,5761,833470,2746,609151,2192,225938,1318,
2020/10/04,435133,716,843559,2913,969767,9150,1206874,8926,1166614,7019,1358143,7950,1210126,5671,833470,2683,609151,2163,225938,1304,
2020/10/03,435133,704,843559,2847,969767,9038,1206874,8817,1166614,6930,1358143,7869,1210126,5616,833470,2666,609151,2145,225938,1292,
2020/10/02,435133,691,843559,2776,969767,8872,1206874,8659,1166614,6802,1358143,7746,1210126,5513,833470,2622,609151,2123,225938,1279,
2020/10/01,435133,679,843559,2703,969767,8703,1206874,8493,1166614,6666,1358143,7594,1210126,5409,833470,2581,609151,2100,225938,1265,
2020/09/30,435133,673,843559,2626,969767,8561,1206874,8357,1166614,6553,1358143,7467,1210126,5322,833470,2544,609151,2074,225938,1254,
2020/09/29,435133,664,843559,2547,969767,8390,1206874,8188,1166614,6408,1358143,7327,1210126,5224,833470,2509,609151,2033,225938,1234,
2020/09/28,435133,654,843559,2470,969767,8195,1206874,8030,1166614,6282,1358143,7187,1210126,5122,833470,2480,609151,2011,225938,1226,
2020/09/27,435133,647,843559,2414,969767,8118,1206874,7943,1166614,6222,1358143,7096,1210126,5074,833470,2439,609151,1990,225938,1210,
2020/09/26,435133,639,843559,2360,969767,8000,1206874,7837,1166614,6138,1358143,6994,1210126,5015,833470,2415,609151,1973,225938,1202,
2020/09/25,435133,630,843559,2293,969767,7874,1206874,7728,1166614,6053,1358143,6873,1210126,4938,833470,2377,609151,1951,225938,1191,
2020/09/24,435133,622,843559,2244,969767,7735,1206874,7590,1166614,5928,1358143,6771,1210126,4864,833470,2328,609151,1926,225938,1182,
2020/09/23,435133,615,843559,2180,969767,7592,1206874,7444,1166614,5825,1358143,6649,1210126,4797,833470,2300,609151,1893,225938,1173,
2020/09/22,435133,599,843559,2128,969767,7433,1206874,7281,1166614,5726,1358143,6542,1210126,4741,833470,2269,609151,1869,225938,1162,
2020/09/21,435133,586,843559,2075,969767,7304,1206874,7166,1166614,5617,1358143,6435,1210126,4673,833470,2240,609151,1851,225938,1145,
2020/09/20,435133,577,843559,2009,969767,7160,1206874,7060,1166614,5507,1358143,6339,1210126,4616,833470,2203,609151,1826,225938,1135,
2020/09/19,435133,569,843559,1954,969767,7005,1206874,6941,1166614,5427,1358143,6266,1210126,4569,833470,2181,609151,1814,225938,1130,
2020/09/18,435133,554,843559,1889,969767,6813,1206874,6776,1166614,5293,1358143,6174,1210126,4500,833470,2137,609151,1789,225938,1122,
2020/09/17,435133,545,843559,1842,969767,6614,1206874,6598,1166614,5175,1358143,6065,1210126,4435,833470,2114,609151,1772,225938,1109,
2020/09/16,435133,533,843559,1749,969767,6401,1206874,6393,1166614,5035,1358143,5935,1210126,4361,833470,2087,609151,1761,225938,1096,
2020/09/15,435133,518,843559,1696,969767,6215,1206874,6224,1166614,4913,1358143,5829,1210126,4301,833470,2065,609151,1751,225938,1091,
2020/09/14,435133,505,843559,1643,969767,5987,1206874,6054,1166614,4791,1358143,5702,1210126,4224,833470,2034,609151,1724,225938,1086,
2020/09/13,435133,498,843559,1593,969767,5846,1206874,5945,1166614,4720,1358143,5625,1210126,4164,833470,2014,609151,1707,225938,1079,
2020/09/12,435133,488,843559,1565,969767,5747,1206874,5854,1166614,4665,1358143,5579,1210126,4112,833470,1992,609151,1695,225938,1073,
2020/09/11,435133,477,843559,1529,969767,5599,1206874,5740,1166614,4578,1358143,5516,1210126,4052,833470,1973,609151,1684,225938,1061,
2020/09/10,435133,455,843559,1473,969767,5393,1206874,5557,1166614,4447,1358143,5410,1210126,3981,833470,1947,609151,1670,225938,1035,
2020/09/09,435133,434,843559,1415,969767,5215,1206874,5402,1166614,4338,1358143,5310,1210126,3930,833470,1924,609151,1656,225938,1028,
2020/09/08,435133,424,843559,1369,969767,5099,1206874,5289,1166614,4266,1358143,5249,1210126,3853,833470,1907,609151,1643,225938,1024,
2020/09/07,435133,412,843559,1330,969767,4989,1206874,5177,1166614,4195,1358143,5173,1210126,3809,833470,1887,609151,1630,225938,1019,
2020/09/06,435133,404,843559,1287,969767,4879,1206874,5079,1166614,4114,1358143,5111,1210126,3754,833470,1871,609151,1622,225938,1019,
2020/09/05,435133,398,843559,1268,969767,4845,1206874,5031,1166614,4086,1358143,5088,1210126,3737,833470,1865,609151,1617,225938,1017,
2020/09/04,435133,389,843559,1242,969767,4780,1206874,4956,1166614,4047,1358143,5052,1210126,3707,833470,1859,609151,1615,225938,1017,
2020/09/03,435133,384,843559,1224,969767,4717,1206874,4886,1166614,4001,1358143,5012,1210126,3680,833470,1846,609151,1610,225938,1019,
2020/09/02,435133,368,843559,1202,969767,4603,1206874,4802,1166614,3951,1358143,4933,1210126,3640,833470,1836,609151,1603,225938,1018,
2020/09/01,435133,364,843559,1167,969767,4486,1206874,4718,1166614,3893,1358143,4874,1210126,3591,833470,1824,609151,1595,225938,1017,
2020/08/31,435133,356,843559,1148,969767,4430,1206874,4676,1166614,3862,1358143,4834,1210126,3572,833470,1811,609151,1591,225938,1017,
2020/08/30,435133,353,843559,1134,969767,4363,1206874,4615,1166614,3827,1358143,4798,1210126,3548,833470,1802,609151,1587,225938,1017,
2020/08/29,435133,351,843559,1125,969767,4305,1206874,4571,1166614,3814,1358143,4777,1210126,3537,833470,1800,609151,1585,225938,1016,
2020/08/28,435133,345,843559,1095,969767,4213,1206874,4513,1166614,3769,1358143,4742,1210126,3506,833470,1787,609151,1580,225938,1013,
2020/08/27,435133,342,843559,1078,969767,4142,1206874,4446,1166614,3731,1358143,4696,1210126,3478,833470,1779,609151,1572,225938,1010,
2020/08/26,435133,338,843559,1064,969767,4077,1206874,4405,1166614,3702,1358143,4658,1210126,3455,833470,1768,609151,1569,225938,1010,
2020/08/25,435133,332,843559,1032,969767,3986,1206874,4320,1166614,3647,1358143,4630,1210126,3430,833470,1758,609151,1564,225938,1003,
2020/08/24,435133,323,843559,1004,969767,3927,1206874,4239,1166614,3601,1358143,4596,1210126,3416,833470,1746,609151,1564,225938,993,
2020/08/23,435133,320,843559,997,969767,3869,1206874,4188,1166614,3571,1358143,4561,1210126,3401,833470,1740,609151,1562,225938,991,
2020/08/22,435133,315,843559,982,969767,3798,1206874,4123,1166614,3540,1358143,4531,1210126,3391,833470,1733,609151,1562,225938,991,
2020/08/21,435133,313,843559,970,969767,3740,1206874,4086,1166614,3503,1358143,4502,1210126,3379,833470,1726,609151,1559,225938,990,
2020/08/20,435133,307,843559,949,969767,3631,1206874,4007,1166614,3465,1358143,4466,1210126,3357,833470,1720,609151,1556,225938,989,
2020/08/19,435133,301,843559,930,969767,3541,1206874,3943,1166614,3427,1358143,4434,1210126,3341,833470,1711,609151,1554,225938,988,
2020/08/18,435133,297,843559,924,969767,3396,1206874,3862,1166614,3387,1358143,4402,1210126,3329,833470,1705,609151,1553,225938,987,
2020/08/17,435133,294,843559,910,969767,3277,1206874,3774,1166614,3358,1358143,4373,1210126,3310,833470,1699,609151,1551,225938,984,
2020/08/16,435133,292,843559,900,969767,3214,1206874,3738,1166614,3333,1358143,4354,1210126,3297,833470,1698,609151,1550,225938,984,
2020/08/15,435133,291,843559,894,969767,3153,1206874,3691,1166614,3318,1358143,4337,1210126,3286,833470,1695,609151,1547,225938,982,
2020/08/14,435133,289,843559,880,969767,3022,1206874,3620,1166614,3290,1358143,4308,1210126,3275,833470,1689,609151,1542,225938,978,
2020/08/13,435133,288,843559,876,969767,2910,1206874,3562,1166614,3268,1358143,4290,1210126,3261,833470,1680,609151,1538,225938,976,
2020/08/12,435133,285,843559,871,969767,2815,1206874,3505,1166614,3246,1358143,4276,1210126,3250,833470,1669,609151,1536,225938,975,
2020/08/11,435133,280,843559,864,969767,2744,1206874,3472,1166614,3225,1358143,4251,1210126,3238,833470,1662,609151,1534,225938,973,
2020/08/10,435133,265,843559,845,969767,2642,1206874,3449,1166614,3181,1358143,4201,1210126,3302,833470,1675,609151,1544,225938,999,
2020/08/09,435133,265,843559,838,969767,2616,1206874,3426,1166614,3172,1358143,4192,1210126,3300,833470,1661,609151,1542,225938,996,
2020/08/08,435133,261,843559,833,969767,2591,1206874,3416,1166614,3157,1358143,4177,1210126,3289,833470,1660,609151,1541,225938,996,
2020/08/07,435133,260,843559,831,969767,2560,1206874,3390,1166614,3136,1358143,4163,1210126,3278,833470,1656,609151,1537,225938,996,
2020/08/06,435133,259,843559,823,969767,2534,1206874,3361,1166614,3120,1358143,4148,1210126,3255,833470,1651,609151,1535,225938,996,
2020/08/05,435133,259,843559,816,969767,2508,1206874,3336,1166614,3103,1358143,4137,1210126,3241,833470,1645,609151,1531,225938,995,
2020/08/04,435133,257,843559,806,969767,2477,1206874,3317,1166614,3086,1358143,4125,1210126,3225,833470,1644,609151,1530,225938,991,
2020/08/03,435133,256,843559,798,969767,2434,1206874,3297,1166614,3070,1358143,4105,1210126,3217,833470,1638,609151,1528,225938,990,
2020/08/02,435133,255,843559,799,969767,2419,1206874,3283,1166614,3059,1358143,4098,1210126,3210,833470,1635,609151,1522,225938,990,
2020/08/01,435133,251,843559,797,969767,2406,1206874,3265,1166614,3046,1358143,4090,1210126,3200,833470,1632,609151,1520,225938,990,
2020/07/31,435133,249,843559,788,969767,2380,1206874,3245,1166614,3024,1358143,4069,1210126,3194,833470,1628,609151,1518,225938,988,
2020/07/30,435133,247,843559,780,969767,2352,1206874,3228,1166614,3017,1358143,4056,1210126,3192,833470,1626,609151,1518,225938,986,
2020/07/29,435133,242,843559,767,969767,2305,1206874,3196,1166614,2991,1358143,4041,1210126,3178,833470,1619,609151,1512,225938,986,
2020/07/28,435133,236,843559,763,969767,2271,1206874,3170,1166614,2975,1358143,4010,1210126,3156,833470,1609,609151,1510,225938,982,
2020/07/27,435133,235,843559,751,969767,2241,1206874,3145,1166614,2957,1358143,3990,1210126,3142,833470,1602,609151,1505,225938,982,
2020/07/26,435133,233,843559,745,969767,2211,1206874,3138,1166614,2946,1358143,3976,1210126,3137,833470,1594,609151,1501,225938,981,
2020/07/25,435133,228,843559,739,969767,2180,1206874,3109,1166614,2926,1358143,3960,1210126,3128,833470,1590,609151,1499,225938,978,
2020/07/24,435133,226,843559,730,969767,2154,1206874,3080,1166614,2913,1358143,3949,1210126,3119,833470,1583,609151,1498,225938,977,
2020/07/23,435133,223,843559,719,969767,2132,1206874,3057,1166614,2901,1358143,3933,1210126,3112,833470,1577,609151,1491,225938,975,
2020/07/22,435133,220,843559,706,969767,2090,1206874,3021,1166614,2880,1358143,3920,1210126,3082,833470,1567,609151,1483,225938,974,
2020/07/21,435133,219,843559,700,969767,2057,1206874,2995,1166614,2861,1358143,3896,1210126,3072,833470,1561,609151,1471,225938,973,
2020/07/20,435133,215,843559,691,969767,2039,1206874,2973,1166614,2851,1358143,3868,1210126,3054,833470,1552,609151,1467,225938,969,
2020/07/19,435133,213,843559,680,969767,2022,1206874,2953,1166614,2839,1358143,3849,1210126,3044,833470,1547,609151,1456,225938,968,
2020/07/18,435133,209,843559,672,969767,2013,1206874,2943,1166614,2832,1358143,3839,1210126,3039,833470,1539,609151,1456,225938,967,
2020/07/17,435133,206,843559,659,969767,1991,1206874,2927,1166614,2813,1358143,3823,1210126,3032,833470,1534,609151,1455,225938,966,
2020/07/16,435133,200,843559,649,969767,1973,1206874,2898,1166614,2795,1358143,3805,1210126,3014,833470,1532,609151,1451,225938,961,
2020/07/15,435133,200,843559,636,969767,1950,1206874,2863,1166614,2771,1358143,3771,1210126,2997,833470,1524,609151,1444,225938,959,
2020/07/14,435133,196,843559,625,969767,1928,1206874,2836,1166614,2751,1358143,3751,1210126,2981,833470,1519,609151,1443,225938,959,
2020/07/13,435133,194,843559,617,969767,1909,1206874,2810,1166614,2740,1358143,3728,1210126,2968,833470,1515,609151,1438,225938,957,
2020/07/12,435133,194,843559,613,969767,1905,1206874,2799,1166614,2731,1358143,3717,1210126,2965,833470,1512,609151,1437,225938,956,
2020/07/11,435133,191,843559,611,969767,1896,1206874,2781,1166614,2718,1358143,3709,1210126,2962,833470,1511,609151,1433,225938,955,
2020/07/10,435133,185,843559,597,969767,1878,1206874,2760,1166614,2700,1358143,3690,1210126,2956,833470,1507,609151,1429,225938,954,
2020/07/09,435133,184,843559,594,969767,1860,1206874,2746,1166614,2683,1358143,3681,1210126,2950,833470,1501,609151,1429,225938,953,
2020/07/08,435133,183,843559,587,969767,1841,1206874,2726,1166614,2667,1358143,3664,1210126,2944,833470,1496,609151,1425,225938,951,
2020/07/07,435133,178,843559,584,969767,1819,1206874,2707,1166614,2653,1358143,3644,1210126,2927,833470,1493,609151,1424,225938,949,
2020/07/06,435133,184,843559,587,969767,1837,1206874,2697,1166614,2655,1358143,3656,1210126,2859,833470,1478,609151,1412,225938,929,
2020/07/05,435133,179,843559,575,969767,1834,1206874,2682,1166614,2646,1358143,3645,1210126,2852,833470,1475,609151,1410,225938,926,
2020/07/04,435133,172,843559,562,969767,1815,1206874,2662,1166614,2629,1358143,3635,1210126,2842,833470,1471,609151,1408,225938,925,
2020/07/03,435133,167,843559,544,969767,1798,1206874,2637,1166614,2616,1358143,3622,1210126,2838,833470,1468,609151,1409,225938,924,
2020/07/02,435133,163,843559,528,969767,1779,1206874,2615,1166614,2590,1358143,3604,1210126,2825,833470,1466,609151,1407,225938,919,
2020/07/01,435133,153,843559,515,969767,1736,1206874,2592,1166614,2561,1358143,3571,1210126,2868,833470,1473,609151,1413,225938,936,
2020/06/30,435133,151,843559,506,969767,1723,1206874,2574,1166614,2543,1358143,3554,1210126,2858,833470,1473,609151,1410,225938,934,
2020/06/29,435133,147,843559,500,969767,1715,1206874,2561,1166614,2525,1358143,3542,1210126,2857,833470,1468,609151,1410,225938,933,
2020/06/28,435133,138,843559,491,969767,1708,1206874,2544,1166614,2509,1358143,3528,1210126,2854,833470,1466,609151,1408,225938,934,
2020/06/27,435133,137,843559,485,969767,1699,1206874,2530,1166614,2500,1358143,3527,1210126,2847,833470,1465,609151,1407,225938,933,
2020/06/26,435133,138,843559,480,969767,1691,1206874,2511,1166614,2488,1358143,3517,1210126,2841,833470,1459,609151,1406,225938,933,
2020/06/25,435133,135,843559,475,969767,1679,1206874,2497,1166614,2471,1358143,3511,1210126,2834,833470,1461,609151,1404,225938,933,
2020/06/24,435133,134,843559,473,969767,1679,1206874,2488,1166614,2470,1358143,3504,1210126,2828,833470,1461,609151,1403,225938,933,
2020/06/23,435133,133,843559,473,969767,1671,1206874,2479,1166614,2462,1358143,3496,1210126,2819,833470,1461,609151,1401,225938,933,
2020/06/22,435133,132,843559,475,969767,1666,1206874,2476,1166614,2456,1358143,3495,1210126,2814,833470,1460,609151,1402,225938,932,
2020/06/21,435133,131,843559,470,969767,1659,1206874,2466,1166614,2450,1358143,3492,1210126,2808,833470,1453,609151,1403,225938,929,
2020/06/20,435133,130,843559,468,969767,1655,1206874,2464,1166614,2446,1358143,3487,1210126,2803,833470,1453,609151,1401,225938,927,
2020/06/19,435133,131,843559,465,969767,1648,1206874,2454,1166614,2440,1358143,3482,1210126,2797,833470,1452,609151,1401,225938,927,
2020/06/18,435133,129,843559,463,969767,1638,1206874,2451,1166614,2434,1358143,3478,1210126,2790,833470,1451,609151,1399,225938,924,
2020/06/17,435133,127,843559,461,969767,1627,1206874,2444,1166614,2431,1358143,3473,1210126,2785,833470,1450,609151,1398,225938,923,
2020/06/16,435133,128,843559,458,969767,1623,1206874,2442,1166614,2430,1358143,3471,1210126,2781,833470,1452,609151,1394,225938,923,
2020/06/15,435133,127,843559,454,969767,1616,1206874,2439,1166614,2428,1358143,3468,1210126,2779,833470,1449,609151,1394,225938,921,
2020/06/14,435133,125,843559,445,969767,1609,1206874,2432,1166614,2424,1358143,3463,1210126,2774,833470,1447,609151,1394,225938,919,
2020/06/13,435133,125,843559,440,969767,1605,1206874,2428,1166614,2423,1358143,3459,1210126,2771,833470,1447,609151,1390,225938,917,
2020/06/12,435133,125,843559,437,969767,1597,1206874,2423,1166614,2422,1358143,3452,1210126,2766,833470,1448,609151,1386,225938,915,
2020/06/11,435133,125,843559,437,969767,1595,1206874,2424,1166614,2417,1358143,3447,1210126,2757,833470,1446,609151,1383,225938,915,
2020/06/10,435133,123,843559,434,969767,1591,1206874,2418,1166614,2415,1358143,3447,1210126,2755,833470,1447,609151,1380,225938,913,
2020/06/09,435133,123,843559,433,969767,1588,1206874,2414,1166614,2412,1358143,3444,1210126,2749,833470,1445,609151,1378,225938,912,
2020/06/08,435133,124,843559,430,969767,1585,1206874,2412,1166614,2409,1358143,3440,1210126,2745,833470,1447,609151,1377,225938,912,
2020/06/07,435133,121,843559,423,969767,1583,1206874,2406,1166614,2403,1358143,3439,1210126,2743,833470,1446,609151,1378,225938,912,
2020/06/06,435133,121,843559,416,969767,1581,1206874,2402,1166614,2395,1358143,3438,1210126,2734,833470,1444,609151,1376,225938,911,
2020/06/05,435133,120,843559,413,969767,1576,1206874,2397,1166614,2387,1358143,3428,1210126,2727,833470,1442,609151,1371,225938,906,
2020/06/04,435133,116,843559,411,969767,1571,1206874,2396,1166614,2380,1358143,3420,1210126,2724,833470,1441,609151,1370,225938,905,
2020/06/03,435133,116,843559,406,969767,1566,1206874,2390,1166614,2373,1358143,3416,1210126,2720,833470,1439,609151,1370,225938,905,
2020/06/02,435133,115,843559,405,969767,1563,1206874,2383,1166614,2367,1358143,3408,1210126,2716,833470,1438,609151,1367,225938,904,
2020/06/01,435133,115,843559,403,969767,1556,1206874,2379,1166614,2366,1358143,3402,1210126,2713,833470,1438,609151,1368,225938,903,
2020/05/31,435133,115,843559,403,969767,1558,1206874,2376,1166614,2364,1358143,3402,1210126,2712,833470,1437,609151,1368,225938,903,
2020/05/30,435133,114,843559,401,969767,1558,1206874,2374,1166614,2358,1358143,3401,1210126,2711,833470,1437,609151,1367,225938,903,
2020/05/29,435133,113,843559,398,969767,1549,1206874,2364,1166614,2347,1358143,3393,1210126,2707,833470,1437,609151,1366,225938,902,
2020/05/28,435133,112,843559,394,969767,1547,1206874,2359,1166614,2344,1358143,3391,1210126,2705,833470,1435,609151,1362,225938,901,
2020/05/27,435133,109,843559,386,969767,1544,1206874,2358,1166614,2338,1358143,3381,1210126,2701,833470,1434,609151,1362,225938,902,
2020/05/26,435133,109,843559,385,969767,1542,1206874,2354,1166614,2336,1358143,3376,1210126,2702,833470,1429,609151,1362,225938,902,
2020/05/25,435133,108,843559,384,969767,1538,1206874,2350,1166614,2329,1358143,3369,1210126,2696,833470,1426,609151,1362,225938,901,
2020/05/24,435133,107,843559,384,969767,1534,1206874,2347,1166614,2323,1358143,3369,1210126,2694,833470,1425,609151,1363,225938,900,
2020/05/23,435133,107,843559,382,969767,1532,1206874,2342,1166614,2316,1358143,3366,1210126,2688,833470,1423,609151,1362,225938,899,
2020/05/22,435133,104,843559,377,969767,1529,1206874,2340,1166614,2314,1358143,3361,1210126,2684,833470,1422,609151,1361,225938,899,
2020/05/21,435133,100,843559,376,969767,1521,1206874,2331,1166614,2311,1358143,3350,1210126,2673,833470,1420,609151,1361,225938,899,
2020/05/20,435133,99,843559,375,969767,1519,1206874,2318,1166614,2299,1358143,3344,1210126,2671,833470,1415,609151,1359,225938,899,
2020/05/19,435133,99,843559,372,969767,1517,1206874,2310,1166614,2296,1358143,3335,1210126,2666,833470,1409,609151,1357,225938,900,
2020/05/18,435133,99,843559,368,969767,1511,1206874,2298,1166614,2286,1358143,3328,1210126,2662,833470,1406,609151,1352,225938,899,
2020/05/17,435133,98,843559,368,969767,1507,1206874,2286,1166614,2276,1358143,3323,1210126,2657,833470,1402,609151,1352,225938,898,
2020/05/16,435133,98,843559,368,969767,1506,1206874,2283,1166614,2271,1358143,3321,1210126,2652,833470,1399,609151,1350,225938,898,
2020/05/15,435133,97,843559,367,969767,1505,1206874,2278,1166614,2257,1358143,3312,1210126,2648,833470,1396,609151,1350,225938,896,
2020/05/14,435133,93,843559,358,969767,1498,1206874,2257,1166614,2244,1358143,3296,1210126,2640,833470,1388,609151,1349,225938,894,
2020/05/13,435133,91,843559,358,969767,1494,1206874,2248,1166614,2234,1358143,3288,1210126,2638,833470,1386,609151,1345,225938,893,
2020/05/12,435133,91,843559,355,969767,1486,1206874,2232,1166614,2216,1358143,3270,1210126,2627,833470,1387,609151,1344,225938,893,
2020/05/11,435133,89,843559,355,969767,1475,1206874,2220,1166614,2206,1358143,3267,1210126,2624,833470,1385,609151,1343,225938,893,
2020/05/10,435133,89,843559,353,969767,1464,1206874,2205,1166614,2197,1358143,3257,1210126,2614,833470,1378,609151,1339,225938,891,
2020/05/09,435133,89,843559,353,969767,1463,1206874,2199,1166614,2195,1358143,3256,1210126,2611,833470,1380,609151,1334,225938,878,
2020/05/08,435133,88,843559,353,969767,1461,1206874,2187,1166614,2189,1358143,3244,1210126,2603,833470,1381,609151,1332,225938,876,
2020/05/07,435133,88,843559,352,969767,1455,1206874,2175,1166614,2186,1358143,3230,1210126,2594,833470,1383,609151,1331,225938,873,
2020/05/06,435133,88,843559,352,969767,1453,1206874,2174,1166614,2179,1358143,3227,1210126,2590,833470,1381,609151,1329,225938,863,
2020/05/05,435133,87,843559,352,969767,1439,1206874,2162,1166614,2169,1358143,3219,1210126,2581,833470,1381,609151,1332,225938,860,
2020/05/04,435133,86,843559,352,969767,1435,1206874,2156,1166614,2167,1358143,3216,1210126,2574,833470,1379,609151,1327,225938,859,
2020/05/03,435133,86,843559,352,969767,1435,1206874,2152,1166614,2162,1358143,3209,1210126,2575,833470,1375,609151,1325,225938,858,
2020/05/02,435133,86,843559,352,969767,1430,1206874,2148,1166614,2162,1358143,3202,1210126,2577,833470,1373,609151,1324,225938,855,
2020/05/01,435133,85,843559,350,969767,1424,1206874,2139,1166614,2155,1358143,3200,1210126,2572,833470,1372,609151,1319,225938,854,
2020/04/30,435133,84,843559,350,969767,1421,1206874,2122,1166614,2150,1358143,3196,1210126,2566,833470,1370,609151,1317,225938,850,
2020/04/29,435133,84,843559,347,969767,1417,1206874,2114,1166614,2135,1358143,3181,1210126,2558,833470,1367,609151,1306,225938,848,
2020/04/28,435133,80,843559,343,969767,1418,1206874,2106,1166614,2121,1358143,3168,1210126,2551,833470,1360,609151,1300,225938,842,
2020/04/27,435133,80,843559,342,969767,1415,1206874,2095,1166614,2116,1358143,3165,1210126,2541,833470,1354,609151,1294,225938,839,
2020/04/26,435133,80,843559,339,969767,1412,1206874,2089,1166614,2109,1358143,3155,1210126,2534,833470,1349,609151,1284,225938,830,
2020/04/25,435133,78,843559,335,969767,1404,1206874,2084,1166614,2099,1358143,3147,1210126,2527,833470,1347,609151,1282,225938,825,
2020/04/24,435133,78,843559,334,969767,1390,1206874,2072,1166614,2087,1358143,3141,1210126,2517,833470,1341,609151,1266,225938,816,
2020/04/23,435133,79,843559,331,969767,1384,1206874,2065,1166614,2078,1358143,3122,1210126,2515,833470,1332,609151,1259,225938,802,
2020/04/22,435133,78,843559,328,969767,1383,1206874,2056,1166614,2074,1358143,3109,1210126,2506,833470,1325,609151,1245,225938,797,
2020/04/21,435133,77,843559,328,969767,1373,1206874,2036,1166614,2060,1358143,3100,1210126,2490,833470,1322,609151,1234,225938,792,
2020/04/20,435133,77,843559,326,969767,1369,1206874,2029,1166614,2057,1358143,3094,1210126,2482,833470,1314,609151,1231,225938,782,
2020/04/19,435133,77,843559,323,969767,1365,1206874,2022,1166614,2046,1358143,3082,1210126,2471,833470,1310,609151,1222,225938,778,
2020/04/17,435133,74,843559,322,969767,1360,1206874,2005,1166614,2032,1358143,3053,1210126,2450,833470,1297,609151,1211,225938,758,
